"id;""firstname"";""lastname"";""email"""
"1;""Natasha"";""Gleason"";""Natasha83@gmail.com"""
"2;""Cameron"";""Nitzsche"";""Cameron_Nitzsche@gmail.com"""
"3;""Jan"";""Bayer"";""Jan25@yahoo.com"""
"4;""Megan"";""Leuschke"";""Megan_Leuschke43@hotmail.com"""
"5;""Elena"";""Krajcik"";""Elena.Krajcik5@yahoo.com"""
"6;""Phillip"";""Vandervort"";""Phillip_Vandervort@gmail.com"""
"7;""Darren"";""Hintz-Wehner"";""Darren_Hintz-Wehner@hotmail.com"""
"8;""Myron"";""Hills"";""Myron_Hills24@hotmail.com"""
"9;""Cindy"";""MacGyver"";""Cindy68@gmail.com"""
"10;""Alonzo"";""Yundt"";""Alonzo_Yundt60@yahoo.com"""
"11;""Terrell"";""Grant"";""Terrell.Grant@hotmail.com"""
"12;""Damon"";""Crona"";""Damon.Crona@gmail.com"""
"13;""Kim"";""Shanahan"";""Kim.Shanahan@yahoo.com"""
"14;""Jeremiah"";""Stanton"";""Jeremiah28@yahoo.com"""
"15;""Javier"";""Hackett"";""Javier.Hackett@hotmail.com"""
"16;""Randy"";""Davis"";""Randy_Davis3@yahoo.com"""
"17;""Eva"";""Schaefer"";""Eva_Schaefer@hotmail.com"""
"18;""Timothy"";""Koelpin"";""Timothy.Koelpin@gmail.com"""
"19;""Tonya"";""Brakus"";""Tonya64@hotmail.com"""
"20;""Roberto"";""Lebsack"";""Roberto_Lebsack41@gmail.com"""
"21;""Ana"";""Smith"";""Ana3@yahoo.com"""
"22;""Carolyn"";""Crona"";""Carolyn.Crona63@yahoo.com"""
"23;""Sylvester"";""Hammes"";""Sylvester.Hammes96@yahoo.com"""
"24;""Anne"";""Bogisich"";""Anne.Bogisich@hotmail.com"""
"25;""Gerald"";""Walker"";""Gerald73@yahoo.com"""
"26;""Amber"";""Hansen"";""Amber94@gmail.com"""
"27;""Homer"";""Lubowitz"";""Homer94@gmail.com"""
"28;""Leonard"";""McKenzie"";""Leonard10@yahoo.com"""
"29;""Kay"";""Roberts"";""Kay97@hotmail.com"""
"30;""Arlene"";""Dare-Wilderman"";""Arlene_Dare-Wilderman@gmail.com"""
"31;""Kellie"";""Larkin"";""Kellie84@gmail.com"""
"32;""Carla"";""Fahey"";""Carla.Fahey83@hotmail.com"""
"33;""Sharon"";""Schaefer"";""Sharon77@hotmail.com"""
"34;""Rose"";""Tromp"";""Rose.Tromp0@yahoo.com"""
"35;""Grace"";""Hamill"";""Grace.Hamill@yahoo.com"""
"36;""Tim"";""Ruecker"";""Tim.Ruecker@gmail.com"""
"37;""Derek"";""Beier"";""Derek_Beier@hotmail.com"""
"38;""Yolanda"";""Marquardt"";""Yolanda_Marquardt@yahoo.com"""
"39;""Roy"";""Hessel"";""Roy.Hessel82@gmail.com"""
"40;""Phillip"";""Glover"";""Phillip_Glover@hotmail.com"""
"41;""Samuel"";""Price"";""Samuel69@hotmail.com"""
"42;""Samantha"";""Breitenberg"";""Samantha.Breitenberg@yahoo.com"""
"43;""Ira"";""Bergnaum"";""Ira.Bergnaum@hotmail.com"""
"44;""Janice"";""Wiza"";""Janice59@yahoo.com"""
"45;""Mae"";""Kuphal"";""Mae_Kuphal90@gmail.com"""
"46;""Kerry"";""Dietrich"";""Kerry10@yahoo.com"""
"47;""Tammy"";""Gibson"";""Tammy.Gibson@yahoo.com"""
"48;""Amelia"";""Bins"";""Amelia_Bins@hotmail.com"""
"49;""Shelley"";""Brown"";""Shelley45@yahoo.com"""
"50;""Owen"";""Franecki"";""Owen70@yahoo.com"""
"51;""Owen"";""Franecki"";""Owen70@yahoo.com"""
